#{"t_start": 1524800018.3730552, "env_id": "Starfish-SwimXLarge-v0"}
r,l,t
-104132.370436,675928,8684.887949
