#{"env_id": "Starfish-FindTarget-v0", "t_start": 1524720614.1025994}
r,l,t-207011.782912,173165,946.73757
